{
    "0": {
        "date": "0",
        "event": [
            10000,
            20000
        ]
    },
    "1": {
        "date": "1",
        "event": [
            10002,
            10003
        ]
    },
    "*": {
        "event": [
            10004,
            10005,
            10006,
            10007,
            10008,
            10009,
            10010,
            10011,
            10012,
            10013,
            10014,
            10015,
            10016,
            10017,
            10018,
            10019,
            10020,
            10021,
            10022,
            10023,
            10024,
            10025,
            10026,
            10027,
            10028,
            10029,
            10030,
            10031,
            10032,
            10033,
            10034,
            10035,
            10036,
            10037,
            10038,
            10039,
            10040,
            10041,
            10042,
            10043,
            10044,
            10045,
            10046,
            10047,
            10048,
            10049,
            10050,
            10051,
            10052,
            10053,
            10054,
            10055,
            10056,
            10057,
            10058,
            10059,
            10060,
            10061,
            10062,
            10063,
            10064,
            10065,
            10066,
            10067,
            10068,
            10069,
            10070,
            10071,
            10072,
            10073,
            10074,
            10075,
            10076,
            10077,
            10078,
            10079,
            10080,
            10081,
            10082,
            10083,
            10084,
            10085,
            10086,
            10087,
            10088,
            10089,
            10090,
            10091,
            10092,
            10093,
            10094,
            10095,
            10096,
            10097,
            10098,
            10099,
            10100,
            10101,
            10102,
            10103,
            10104,
            10105,
            10106,
            10107,
            10108,
            10109,
            10110,
            10111,
            10112,
            10113,
            10114,
            10115,
            10116,
            10117,
            10118,
            10119,
            10120,
            10121,
            10122,
            10123,
            10124,
            10125,
            10126,
            10127,
            10128,
            10129,
            10130,
            10131,
            10132,
            10133,
            10134,
            10135,
            10136,
            10137,
            10138,
            10139,
            10140,
            10141,
            10142,
            10143,
            10144,
            10145,
            10146,
            10147,
            10148,
            10149,
            10150,
            10151,
            10152,
            10153,
            10154,
            10155,
            10156,
            10157,
            10158,
            10159,
            10160,
            10161,
            10162,
            10163,
            10164,
            10165,
            10166,
            10167,
            10168,
            10199,
            10200,
            10201,
            10202,
            10203,
            10204,
            40000
        ]
    },
    "10": {
        "event": [
            10169,
            10170,
            10171,
            10172,
            10173,
            10174,
            40000
        ]
    },
    "11": {
        "event": [
            10169,
            10170,
            10171,
            10172,
            10173,
            10174,
            40000
        ]
    },
    "12": {
        "event": [
            10169,
            10170,
            10171,
            10172,
            10173,
            10174,
            40000
        ]
    },
    "13": {
        "event": [
            10169,
            10170,
            10171,
            10172,
            10173,
            10174,
            40000
        ]
    },
    "14": {
        "event": [
            10169,
            10170,
            10171,
            10172,
            10173,
            10174,
            40000
        ]
    },
    "15": {
        "event": [
            10169,
            10170,
            10171,
            10172,
            10173,
            10174,
            40000
        ]
    },
    "16": {
        "event": [
            10169,
            10170,
            10171,
            10172,
            10173,
            10174,
            40000
        ]
    },
    "17": {
        "event": [
            10169,
            10170,
            10171,
            10172,
            10173,
            10174,
            40000
        ]
    },
    "43": {
        "event": [
            10175,
            10176,
            10177,
            10178,
            10179,
            10180,
            40000
        ]
    },
    "44": {
        "event": [
            10175,
            10176,
            10177,
            10178,
            10179,
            10180,
            40000
        ]
    },
    "45": {
        "event": [
            10175,
            10176,
            10177,
            10178,
            10179,
            10180,
            40000
        ]
    },
    "46": {
        "event": [
            10175,
            10176,
            10177,
            10178,
            10179,
            10180,
            40000
        ]
    },
    "47": {
        "event": [
            10175,
            10176,
            10177,
            10178,
            10179,
            10180,
            40000
        ]
    },
    "48": {
        "event": [
            10175,
            10176,
            10177,
            10178,
            10179,
            10180,
            40000
        ]
    },
    "49": {
        "event": [
            10175,
            10176,
            10177,
            10178,
            10179,
            10180,
            40000
        ]
    },
    "50": {
        "event": [
            10175,
            10176,
            10177,
            10178,
            10179,
            10180,
            40000
        ]
    },
    "76": {
        "event": [
            10181,
            10182,
            10183,
            10184,
            10185,
            10186,
            40000
        ]
    },
    "77": {
        "event": [
            10181,
            10182,
            10183,
            10184,
            10185,
            10186,
            40000
        ]
    },
    "78": {
        "event": [
            10181,
            10182,
            10183,
            10184,
            10185,
            10186,
            40000
        ]
    },
    "79": {
        "event": [
            10181,
            10182,
            10183,
            10184,
            10185,
            10186,
            40000
        ]
    },
    "80": {
        "event": [
            10181,
            10182,
            10183,
            10184,
            10185,
            10186,
            40000
        ]
    },
    "81": {
        "event": [
            10181,
            10182,
            10183,
            10184,
            10185,
            10186,
            40000
        ]
    },
    "82": {
        "event": [
            10181,
            10182,
            10183,
            10184,
            10185,
            10186,
            40000
        ]
    },
    "83": {
        "event": [
            10181,
            10182,
            10183,
            10184,
            10185,
            10186,
            40000
        ]
    },
    "109": {
        "event": [
            10187,
            10188,
            10189,
            10190,
            10191,
            10192,
            40000
        ]
    },
    "110": {
        "event": [
            10187,
            10188,
            10189,
            10190,
            10191,
            10192,
            40000
        ]
    },
    "111": {
        "event": [
            10187,
            10188,
            10189,
            10190,
            10191,
            10192,
            40000
        ]
    },
    "112": {
        "event": [
            10187,
            10188,
            10189,
            10190,
            10191,
            10192,
            40000
        ]
    },
    "113": {
        "event": [
            10187,
            10188,
            10189,
            10190,
            10191,
            10192,
            40000
        ]
    },
    "114": {
        "event": [
            10187,
            10188,
            10189,
            10190,
            10191,
            10192,
            40000
        ]
    },
    "115": {
        "event": [
            10187,
            10188,
            10189,
            10190,
            10191,
            10192,
            40000
        ]
    },
    "116": {
        "event": [
            10187,
            10188,
            10189,
            10190,
            10191,
            10192,
            40000
        ]
    },
    "142": {
        "event": [
            10193,
            10194,
            10195,
            10196,
            10197,
            10198,
            40000
        ]
    },
    "143": {
        "event": [
            10193,
            10194,
            10195,
            10196,
            10197,
            10198,
            40000
        ]
    },
    "144": {
        "event": [
            10193,
            10194,
            10195,
            10196,
            10197,
            10198,
            40000
        ]
    },
    "145": {
        "event": [
            10193,
            10194,
            10195,
            10196,
            10197,
            10198,
            40000
        ]
    },
    "146": {
        "event": [
            10193,
            10194,
            10195,
            10196,
            10197,
            10198,
            40000
        ]
    },
    "147": {
        "event": [
            10193,
            10194,
            10195,
            10196,
            10197,
            10198,
            40000
        ]
    },
    "148": {
        "event": [
            10193,
            10194,
            10195,
            10196,
            10197,
            10198,
            40000
        ]
    },
    "149": {
        "event": [
            10193,
            10194,
            10195,
            10196,
            10197,
            10198,
            40000
        ]
    },
    "150": {
        "event": [
            "50050"
        ]
    },
    "151": {
        "event": [
            "50050"
        ]
    },
    "152": {
        "event": [
            "50050"
        ]
    },
    "153": {
        "event": [
            "50050"
        ]
    },
    "154": {
        "event": [
            "50050"
        ]
    },
    "155": {
        "event": [
            "50050"
        ]
    },
    "156": {
        "event": [
            "50050"
        ]
    },
    "157": {
        "event": [
            "50050"
        ]
    },
    "158": {
        "event": [
            "50050"
        ]
    },
    "159": {
        "event": [
            "50050"
        ]
    },
    "160": {
        "event": [
            "50050"
        ]
    },
    "161": {
        "event": [
            "50050"
        ]
    },
    "162": {
        "event": [
            "50050"
        ]
    },
    "163": {
        "event": [
            10169,
            10170,
            10171,
            10172,
            10173,
            10174,
            40000
        ]
    },
    "164": {
        "event": [
            10169,
            10170,
            10171,
            10172,
            10173,
            10174,
            40000
        ]
    },
    "165": {
        "event": [
            10169,
            10170,
            10171,
            10172,
            10173,
            10174,
            40000
        ]
    },
    "166": {
        "event": [
            10169,
            10170,
            10171,
            10172,
            10173,
            10174,
            40000
        ]
    },
    "167": {
        "event": [
            10169,
            10170,
            10171,
            10172,
            10173,
            10174,
            40000
        ]
    },
    "168": {
        "event": [
            10169,
            10170,
            10171,
            10172,
            10173,
            10174,
            40000
        ]
    },
    "169": {
        "event": [
            10169,
            10170,
            10171,
            10172,
            10173,
            10174,
            40000
        ]
    },
    "170": {
        "event": [
            10169,
            10170,
            10171,
            10172,
            10173,
            10174,
            40000
        ]
    },
    "196": {
        "event": [
            10175,
            10176,
            10177,
            10178,
            10179,
            10180,
            40000
        ]
    },
    "197": {
        "event": [
            10175,
            10176,
            10177,
            10178,
            10179,
            10180,
            40000
        ]
    },
    "198": {
        "event": [
            10175,
            10176,
            10177,
            10178,
            10179,
            10180,
            40000
        ]
    },
    "199": {
        "event": [
            10175,
            10176,
            10177,
            10178,
            10179,
            10180,
            40000
        ]
    },
    "200": {
        "event": [
            10175,
            10176,
            10177,
            10178,
            10179,
            10180,
            40000
        ]
    },
    "201": {
        "event": [
            10175,
            10176,
            10177,
            10178,
            10179,
            10180,
            40000
        ]
    },
    "202": {
        "event": [
            10175,
            10176,
            10177,
            10178,
            10179,
            10180,
            40000
        ]
    },
    "203": {
        "event": [
            10175,
            10176,
            10177,
            10178,
            10179,
            10180,
            40000
        ]
    },
    "229": {
        "event": [
            10181,
            10182,
            10183,
            10184,
            10185,
            10186,
            40000
        ]
    },
    "230": {
        "event": [
            10181,
            10182,
            10183,
            10184,
            10185,
            10186,
            40000
        ]
    },
    "231": {
        "event": [
            10181,
            10182,
            10183,
            10184,
            10185,
            10186,
            40000
        ]
    },
    "232": {
        "event": [
            10181,
            10182,
            10183,
            10184,
            10185,
            10186,
            40000
        ]
    },
    "233": {
        "event": [
            10181,
            10182,
            10183,
            10184,
            10185,
            10186,
            40000
        ]
    },
    "234": {
        "event": [
            10181,
            10182,
            10183,
            10184,
            10185,
            10186,
            40000
        ]
    },
    "235": {
        "event": [
            10181,
            10182,
            10183,
            10184,
            10185,
            10186,
            40000
        ]
    },
    "236": {
        "event": [
            10181,
            10182,
            10183,
            10184,
            10185,
            10186,
            40000
        ]
    },
    "262": {
        "event": [
            10187,
            10188,
            10189,
            10190,
            10191,
            10192,
            40000
        ]
    },
    "263": {
        "event": [
            10187,
            10188,
            10189,
            10190,
            10191,
            10192,
            40000
        ]
    },
    "264": {
        "event": [
            10187,
            10188,
            10189,
            10190,
            10191,
            10192,
            40000
        ]
    },
    "265": {
        "event": [
            10187,
            10188,
            10189,
            10190,
            10191,
            10192,
            40000
        ]
    },
    "266": {
        "event": [
            10187,
            10188,
            10189,
            10190,
            10191,
            10192,
            40000
        ]
    },
    "267": {
        "event": [
            10187,
            10188,
            10189,
            10190,
            10191,
            10192,
            40000
        ]
    },
    "268": {
        "event": [
            10187,
            10188,
            10189,
            10190,
            10191,
            10192,
            40000
        ]
    },
    "269": {
        "event": [
            10187,
            10188,
            10189,
            10190,
            10191,
            10192,
            40000
        ]
    },
    "295": {
        "event": [
            10193,
            10194,
            10195,
            10196,
            10197,
            10198,
            40000
        ]
    },
    "296": {
        "event": [
            10193,
            10194,
            10195,
            10196,
            10197,
            10198,
            40000
        ]
    },
    "297": {
        "event": [
            10193,
            10194,
            10195,
            10196,
            10197,
            10198,
            40000
        ]
    },
    "298": {
        "event": [
            10193,
            10194,
            10195,
            10196,
            10197,
            10198,
            40000
        ]
    },
    "299": {
        "event": [
            10193,
            10194,
            10195,
            10196,
            10197,
            10198,
            40000
        ]
    },
    "300": {
        "event": [
            10193,
            10194,
            10195,
            10196,
            10197,
            10198,
            40000
        ]
    },
    "301": {
        "event": [
            10193,
            10194,
            10195,
            10196,
            10197,
            10198,
            40000
        ]
    },
    "302": {
        "event": [
            10193,
            10194,
            10195,
            10196,
            10197,
            10198,
            40000
        ]
    },
    "303": {
        "event": [
            "50000"
        ]
    },
    "304": {
        "event": [
            "50000"
        ]
    },
    "305": {
        "event": [
            "50000"
        ]
    },
    "306": {
        "event": [
            "50000"
        ]
    },
    "307": {
        "event": [
            "50000"
        ]
    },
    "308": {
        "event": [
            "50000"
        ]
    },
    "309": {
        "event": [
            "50000"
        ]
    },
    "310": {
        "event": [
            "50000"
        ]
    },
    "311": {
        "event": [
            "50000"
        ]
    },
    "312": {
        "event": [
            "50000"
        ]
    },
    "313": {
        "event": [
            "50000"
        ]
    },
    "314": {
        "event": [
            "50000"
        ]
    },
    "315": {
        "event": [
            "50000"
        ]
    },
    "316": {
        "event": [
            "50000"
        ]
    },
    "317": {
        "event": [
            "50000"
        ]
    },
    "318": {
        "event": [
            "50000"
        ]
    },
    "319": {
        "event": [
            "50000"
        ]
    },
    "320": {
        "event": [
            "50000"
        ]
    },
    "321": {
        "event": [
            "50000"
        ]
    },
    "322": {
        "event": [
            "50000"
        ]
    },
    "323": {
        "event": [
            "50000"
        ]
    },
    "324": {
        "event": [
            "50000"
        ]
    },
    "325": {
        "event": [
            "50000"
        ]
    },
    "326": {
        "event": [
            "50000"
        ]
    },
    "327": {
        "event": [
            "50000"
        ]
    },
    "328": {
        "event": [
            "50000"
        ]
    },
    "329": {
        "event": [
            "50000"
        ]
    },
    "330": {
        "event": [
            "50000"
        ]
    },
    "331": {
        "event": [
            "50000"
        ]
    },
    "332": {
        "event": [
            "50000"
        ]
    },
    "333": {
        "event": [
            "50000"
        ]
    },
    "334": {
        "event": [
            "50000"
        ]
    },
    "335": {
        "event": [
            "50000"
        ]
    },
    "336": {
        "event": [
            "50000"
        ]
    },
    "337": {
        "event": [
            "50000"
        ]
    },
    "338": {
        "event": [
            "50000"
        ]
    },
    "339": {
        "event": [
            "50000"
        ]
    },
    "340": {
        "event": [
            "50000"
        ]
    },
    "341": {
        "event": [
            "50000"
        ]
    },
    "342": {
        "event": [
            "50000"
        ]
    },
    "343": {
        "event": [
            "50000"
        ]
    },
    "344": {
        "event": [
            "50000"
        ]
    },
    "345": {
        "event": [
            "50000"
        ]
    },
    "346": {
        "event": [
            "50000"
        ]
    },
    "347": {
        "event": [
            "50000"
        ]
    },
    "348": {
        "event": [
            "50000"
        ]
    },
    "349": {
        "event": [
            "50000"
        ]
    },
    "350": {
        "event": [
            "50000"
        ]
    },
    "351": {
        "event": [
            "50000"
        ]
    },
    "352": {
        "event": [
            "50000"
        ]
    },
    "353": {
        "event": [
            "50000"
        ]
    },
    "354": {
        "event": [
            "50000"
        ]
    },
    "355": {
        "event": [
            "50000"
        ]
    },
    "356": {
        "event": [
            "50000"
        ]
    },
    "357": {
        "event": [
            "50000"
        ]
    },
    "358": {
        "event": [
            "50000"
        ]
    },
    "359": {
        "event": [
            "50000"
        ]
    },
    "360": {
        "event": [
            "50000"
        ]
    },
    "361": {
        "event": [
            "50000"
        ]
    },
    "362": {
        "event": [
            "50000"
        ]
    },
    "363": {
        "event": [
            "50000"
        ]
    },
    "364": {
        "event": [
            "50000"
        ]
    },
    "365": {
        "event": [
            "50000"
        ]
    },
    "375": {
        "event": [
            10169,
            10170,
            10171,
            10172,
            10173,
            10174,
            40000
        ]
    },
    "376": {
        "event": [
            10169,
            10170,
            10171,
            10172,
            10173,
            10174,
            40000
        ]
    },
    "377": {
        "event": [
            10169,
            10170,
            10171,
            10172,
            10173,
            10174,
            40000
        ]
    },
    "378": {
        "event": [
            10169,
            10170,
            10171,
            10172,
            10173,
            10174,
            40000
        ]
    },
    "379": {
        "event": [
            10169,
            10170,
            10171,
            10172,
            10173,
            10174,
            40000
        ]
    },
    "380": {
        "event": [
            10169,
            10170,
            10171,
            10172,
            10173,
            10174,
            40000
        ]
    },
    "381": {
        "event": [
            10169,
            10170,
            10171,
            10172,
            10173,
            10174,
            40000
        ]
    },
    "382": {
        "event": [
            10169,
            10170,
            10171,
            10172,
            10173,
            10174,
            40000
        ]
    },
    "408": {
        "event": [
            10175,
            10176,
            10177,
            10178,
            10179,
            10180,
            40000
        ]
    },
    "409": {
        "event": [
            10175,
            10176,
            10177,
            10178,
            10179,
            10180,
            40000
        ]
    },
    "410": {
        "event": [
            10175,
            10176,
            10177,
            10178,
            10179,
            10180,
            40000
        ]
    },
    "411": {
        "event": [
            10175,
            10176,
            10177,
            10178,
            10179,
            10180,
            40000
        ]
    },
    "412": {
        "event": [
            10175,
            10176,
            10177,
            10178,
            10179,
            10180,
            40000
        ]
    },
    "413": {
        "event": [
            10175,
            10176,
            10177,
            10178,
            10179,
            10180,
            40000
        ]
    },
    "414": {
        "event": [
            10175,
            10176,
            10177,
            10178,
            10179,
            10180,
            40000
        ]
    },
    "415": {
        "event": [
            10175,
            10176,
            10177,
            10178,
            10179,
            10180,
            40000
        ]
    },
    "441": {
        "event": [
            10181,
            10182,
            10183,
            10184,
            10185,
            10186,
            40000
        ]
    },
    "442": {
        "event": [
            10181,
            10182,
            10183,
            10184,
            10185,
            10186,
            40000
        ]
    },
    "443": {
        "event": [
            10181,
            10182,
            10183,
            10184,
            10185,
            10186,
            40000
        ]
    },
    "444": {
        "event": [
            10181,
            10182,
            10183,
            10184,
            10185,
            10186,
            40000
        ]
    },
    "445": {
        "event": [
            10181,
            10182,
            10183,
            10184,
            10185,
            10186,
            40000
        ]
    },
    "446": {
        "event": [
            10181,
            10182,
            10183,
            10184,
            10185,
            10186,
            40000
        ]
    },
    "447": {
        "event": [
            10181,
            10182,
            10183,
            10184,
            10185,
            10186,
            40000
        ]
    },
    "448": {
        "event": [
            10181,
            10182,
            10183,
            10184,
            10185,
            10186,
            40000
        ]
    },
    "474": {
        "event": [
            10187,
            10188,
            10189,
            10190,
            10191,
            10192,
            40000
        ]
    },
    "475": {
        "event": [
            10187,
            10188,
            10189,
            10190,
            10191,
            10192,
            40000
        ]
    },
    "476": {
        "event": [
            10187,
            10188,
            10189,
            10190,
            10191,
            10192,
            40000
        ]
    },
    "477": {
        "event": [
            10187,
            10188,
            10189,
            10190,
            10191,
            10192,
            40000
        ]
    },
    "478": {
        "event": [
            10187,
            10188,
            10189,
            10190,
            10191,
            10192,
            40000
        ]
    },
    "479": {
        "event": [
            10187,
            10188,
            10189,
            10190,
            10191,
            10192,
            40000
        ]
    },
    "480": {
        "event": [
            10187,
            10188,
            10189,
            10190,
            10191,
            10192,
            40000
        ]
    },
    "481": {
        "event": [
            10187,
            10188,
            10189,
            10190,
            10191,
            10192,
            40000
        ]
    },
    "507": {
        "event": [
            10193,
            10194,
            10195,
            10196,
            10197,
            10198,
            40000
        ]
    },
    "508": {
        "event": [
            10193,
            10194,
            10195,
            10196,
            10197,
            10198,
            40000
        ]
    },
    "509": {
        "event": [
            10193,
            10194,
            10195,
            10196,
            10197,
            10198,
            40000
        ]
    },
    "510": {
        "event": [
            10193,
            10194,
            10195,
            10196,
            10197,
            10198,
            40000
        ]
    },
    "511": {
        "event": [
            10193,
            10194,
            10195,
            10196,
            10197,
            10198,
            40000
        ]
    },
    "512": {
        "event": [
            10193,
            10194,
            10195,
            10196,
            10197,
            10198,
            40000
        ]
    },
    "513": {
        "event": [
            10193,
            10194,
            10195,
            10196,
            10197,
            10198,
            40000
        ]
    },
    "514": {
        "event": [
            10193,
            10194,
            10195,
            10196,
            10197,
            10198,
            40000
        ]
    },
    "515": {
        "event": [
            "50050"
        ]
    },
    "516": {
        "event": [
            "50050"
        ]
    },
    "517": {
        "event": [
            "50050"
        ]
    },
    "518": {
        "event": [
            "50050"
        ]
    },
    "519": {
        "event": [
            "50050"
        ]
    },
    "520": {
        "event": [
            "50050"
        ]
    },
    "521": {
        "event": [
            "50050"
        ]
    },
    "522": {
        "event": [
            "50050"
        ]
    },
    "523": {
        "event": [
            "50050"
        ]
    },
    "524": {
        "event": [
            "50050"
        ]
    },
    "525": {
        "event": [
            "50050"
        ]
    },
    "526": {
        "event": [
            "50050"
        ]
    },
    "527": {
        "event": [
            "50050"
        ]
    },
    "528": {
        "event": [
            10169,
            10170,
            10171,
            10172,
            10173,
            10174,
            40000
        ]
    },
    "529": {
        "event": [
            10169,
            10170,
            10171,
            10172,
            10173,
            10174,
            40000
        ]
    },
    "530": {
        "event": [
            10169,
            10170,
            10171,
            10172,
            10173,
            10174,
            40000
        ]
    },
    "531": {
        "event": [
            10169,
            10170,
            10171,
            10172,
            10173,
            10174,
            40000
        ]
    },
    "532": {
        "event": [
            10169,
            10170,
            10171,
            10172,
            10173,
            10174,
            40000
        ]
    },
    "533": {
        "event": [
            10169,
            10170,
            10171,
            10172,
            10173,
            10174,
            40000
        ]
    },
    "534": {
        "event": [
            10169,
            10170,
            10171,
            10172,
            10173,
            10174,
            40000
        ]
    },
    "535": {
        "event": [
            10169,
            10170,
            10171,
            10172,
            10173,
            10174,
            40000
        ]
    },
    "561": {
        "event": [
            10175,
            10176,
            10177,
            10178,
            10179,
            10180,
            40000
        ]
    },
    "562": {
        "event": [
            10175,
            10176,
            10177,
            10178,
            10179,
            10180,
            40000
        ]
    },
    "563": {
        "event": [
            10175,
            10176,
            10177,
            10178,
            10179,
            10180,
            40000
        ]
    },
    "564": {
        "event": [
            10175,
            10176,
            10177,
            10178,
            10179,
            10180,
            40000
        ]
    },
    "565": {
        "event": [
            10175,
            10176,
            10177,
            10178,
            10179,
            10180,
            40000
        ]
    },
    "566": {
        "event": [
            10175,
            10176,
            10177,
            10178,
            10179,
            10180,
            40000
        ]
    },
    "567": {
        "event": [
            10175,
            10176,
            10177,
            10178,
            10179,
            10180,
            40000
        ]
    },
    "568": {
        "event": [
            10175,
            10176,
            10177,
            10178,
            10179,
            10180,
            40000
        ]
    },
    "594": {
        "event": [
            10181,
            10182,
            10183,
            10184,
            10185,
            10186,
            40000
        ]
    },
    "595": {
        "event": [
            10181,
            10182,
            10183,
            10184,
            10185,
            10186,
            40000
        ]
    },
    "596": {
        "event": [
            10181,
            10182,
            10183,
            10184,
            10185,
            10186,
            40000
        ]
    },
    "597": {
        "event": [
            10181,
            10182,
            10183,
            10184,
            10185,
            10186,
            40000
        ]
    },
    "598": {
        "event": [
            10181,
            10182,
            10183,
            10184,
            10185,
            10186,
            40000
        ]
    },
    "599": {
        "event": [
            10181,
            10182,
            10183,
            10184,
            10185,
            10186,
            40000
        ]
    },
    "600": {
        "event": [
            10181,
            10182,
            10183,
            10184,
            10185,
            10186,
            40000
        ]
    },
    "601": {
        "event": [
            10181,
            10182,
            10183,
            10184,
            10185,
            10186,
            40000
        ]
    },
    "627": {
        "event": [
            10187,
            10188,
            10189,
            10190,
            10191,
            10192,
            40000
        ]
    },
    "628": {
        "event": [
            10187,
            10188,
            10189,
            10190,
            10191,
            10192,
            40000
        ]
    },
    "629": {
        "event": [
            10187,
            10188,
            10189,
            10190,
            10191,
            10192,
            40000
        ]
    },
    "630": {
        "event": [
            10187,
            10188,
            10189,
            10190,
            10191,
            10192,
            40000
        ]
    },
    "631": {
        "event": [
            10187,
            10188,
            10189,
            10190,
            10191,
            10192,
            40000
        ]
    },
    "632": {
        "event": [
            10187,
            10188,
            10189,
            10190,
            10191,
            10192,
            40000
        ]
    },
    "633": {
        "event": [
            10187,
            10188,
            10189,
            10190,
            10191,
            10192,
            40000
        ]
    },
    "634": {
        "event": [
            10187,
            10188,
            10189,
            10190,
            10191,
            10192,
            40000
        ]
    },
    "660": {
        "event": [
            10193,
            10194,
            10195,
            10196,
            10197,
            10198,
            40000
        ]
    },
    "661": {
        "event": [
            10193,
            10194,
            10195,
            10196,
            10197,
            10198,
            40000
        ]
    },
    "662": {
        "event": [
            10193,
            10194,
            10195,
            10196,
            10197,
            10198,
            40000
        ]
    },
    "663": {
        "event": [
            10193,
            10194,
            10195,
            10196,
            10197,
            10198,
            40000
        ]
    },
    "664": {
        "event": [
            10193,
            10194,
            10195,
            10196,
            10197,
            10198,
            40000
        ]
    },
    "665": {
        "event": [
            10193,
            10194,
            10195,
            10196,
            10197,
            10198,
            40000
        ]
    },
    "666": {
        "event": [
            10193,
            10194,
            10195,
            10196,
            10197,
            10198,
            40000
        ]
    },
    "667": {
        "event": [
            10193,
            10194,
            10195,
            10196,
            10197,
            10198,
            40000
        ]
    },
    "668": {
        "event": [
            "50000"
        ]
    },
    "669": {
        "event": [
            "50000"
        ]
    },
    "670": {
        "event": [
            "50000"
        ]
    },
    "671": {
        "event": [
            "50000"
        ]
    },
    "672": {
        "event": [
            "50000"
        ]
    },
    "673": {
        "event": [
            "50000"
        ]
    },
    "674": {
        "event": [
            "50000"
        ]
    },
    "675": {
        "event": [
            "50000"
        ]
    },
    "676": {
        "event": [
            "50000"
        ]
    },
    "677": {
        "event": [
            "50000"
        ]
    },
    "678": {
        "event": [
            "50000"
        ]
    },
    "679": {
        "event": [
            "50000"
        ]
    },
    "680": {
        "event": [
            "50000"
        ]
    },
    "681": {
        "event": [
            "50000"
        ]
    },
    "682": {
        "event": [
            "50000"
        ]
    },
    "683": {
        "event": [
            "50000"
        ]
    },
    "684": {
        "event": [
            "50000"
        ]
    },
    "685": {
        "event": [
            "50000"
        ]
    },
    "686": {
        "event": [
            "50000"
        ]
    },
    "687": {
        "event": [
            "50000"
        ]
    },
    "688": {
        "event": [
            "50000"
        ]
    },
    "689": {
        "event": [
            "50000"
        ]
    },
    "690": {
        "event": [
            "50000"
        ]
    },
    "691": {
        "event": [
            "50000"
        ]
    },
    "692": {
        "event": [
            "50000"
        ]
    },
    "693": {
        "event": [
            "50000"
        ]
    },
    "694": {
        "event": [
            "50000"
        ]
    },
    "695": {
        "event": [
            "50000"
        ]
    },
    "696": {
        "event": [
            "50000"
        ]
    },
    "697": {
        "event": [
            "50000"
        ]
    },
    "698": {
        "event": [
            "50000"
        ]
    },
    "699": {
        "event": [
            "50000"
        ]
    },
    "700": {
        "event": [
            "50000"
        ]
    },
    "701": {
        "event": [
            "50000"
        ]
    },
    "702": {
        "event": [
            "50000"
        ]
    },
    "703": {
        "event": [
            "50000"
        ]
    },
    "704": {
        "event": [
            "50000"
        ]
    },
    "705": {
        "event": [
            "50000"
        ]
    },
    "706": {
        "event": [
            "50000"
        ]
    },
    "707": {
        "event": [
            "50000"
        ]
    },
    "708": {
        "event": [
            "50000"
        ]
    },
    "709": {
        "event": [
            "50000"
        ]
    },
    "710": {
        "event": [
            "50000"
        ]
    },
    "711": {
        "event": [
            "50000"
        ]
    },
    "712": {
        "event": [
            "50000"
        ]
    },
    "713": {
        "event": [
            "50000"
        ]
    },
    "714": {
        "event": [
            "50000"
        ]
    },
    "715": {
        "event": [
            "50000"
        ]
    },
    "716": {
        "event": [
            "50000"
        ]
    },
    "717": {
        "event": [
            "50000"
        ]
    },
    "718": {
        "event": [
            "50000"
        ]
    },
    "719": {
        "event": [
            "50000"
        ]
    },
    "720": {
        "event": [
            "50000"
        ]
    },
    "721": {
        "event": [
            "50000"
        ]
    },
    "722": {
        "event": [
            "50000"
        ]
    },
    "723": {
        "event": [
            "50000"
        ]
    },
    "724": {
        "event": [
            "50000"
        ]
    },
    "725": {
        "event": [
            "50000"
        ]
    },
    "726": {
        "event": [
            "50000"
        ]
    },
    "727": {
        "event": [
            "50000"
        ]
    },
    "728": {
        "event": [
            "50000"
        ]
    },
    "729": {
        "event": [
            "50000"
        ]
    },
    "730": {
        "event": [
            "50000"
        ]
    },
    "740": {
        "event": [
            10169,
            10170,
            10171,
            10172,
            10173,
            10174,
            40000
        ]
    },
    "741": {
        "event": [
            10169,
            10170,
            10171,
            10172,
            10173,
            10174,
            40000
        ]
    },
    "742": {
        "event": [
            10169,
            10170,
            10171,
            10172,
            10173,
            10174,
            40000
        ]
    },
    "743": {
        "event": [
            10169,
            10170,
            10171,
            10172,
            10173,
            10174,
            40000
        ]
    },
    "744": {
        "event": [
            10169,
            10170,
            10171,
            10172,
            10173,
            10174,
            40000
        ]
    },
    "745": {
        "event": [
            10169,
            10170,
            10171,
            10172,
            10173,
            10174,
            40000
        ]
    },
    "746": {
        "event": [
            10169,
            10170,
            10171,
            10172,
            10173,
            10174,
            40000
        ]
    },
    "747": {
        "event": [
            10169,
            10170,
            10171,
            10172,
            10173,
            10174,
            40000
        ]
    },
    "773": {
        "event": [
            10175,
            10176,
            10177,
            10178,
            10179,
            10180,
            40000
        ]
    },
    "774": {
        "event": [
            10175,
            10176,
            10177,
            10178,
            10179,
            10180,
            40000
        ]
    },
    "775": {
        "event": [
            10175,
            10176,
            10177,
            10178,
            10179,
            10180,
            40000
        ]
    },
    "776": {
        "event": [
            10175,
            10176,
            10177,
            10178,
            10179,
            10180,
            40000
        ]
    },
    "777": {
        "event": [
            10175,
            10176,
            10177,
            10178,
            10179,
            10180,
            40000
        ]
    },
    "778": {
        "event": [
            10175,
            10176,
            10177,
            10178,
            10179,
            10180,
            40000
        ]
    },
    "779": {
        "event": [
            10175,
            10176,
            10177,
            10178,
            10179,
            10180,
            40000
        ]
    },
    "780": {
        "event": [
            10175,
            10176,
            10177,
            10178,
            10179,
            10180,
            40000
        ]
    },
    "806": {
        "event": [
            10181,
            10182,
            10183,
            10184,
            10185,
            10186,
            40000
        ]
    },
    "807": {
        "event": [
            10181,
            10182,
            10183,
            10184,
            10185,
            10186,
            40000
        ]
    },
    "808": {
        "event": [
            10181,
            10182,
            10183,
            10184,
            10185,
            10186,
            40000
        ]
    },
    "809": {
        "event": [
            10181,
            10182,
            10183,
            10184,
            10185,
            10186,
            40000
        ]
    },
    "810": {
        "event": [
            10181,
            10182,
            10183,
            10184,
            10185,
            10186,
            40000
        ]
    },
    "811": {
        "event": [
            10181,
            10182,
            10183,
            10184,
            10185,
            10186,
            40000
        ]
    },
    "812": {
        "event": [
            10181,
            10182,
            10183,
            10184,
            10185,
            10186,
            40000
        ]
    },
    "813": {
        "event": [
            10181,
            10182,
            10183,
            10184,
            10185,
            10186,
            40000
        ]
    },
    "839": {
        "event": [
            10187,
            10188,
            10189,
            10190,
            10191,
            10192,
            40000
        ]
    },
    "840": {
        "event": [
            10187,
            10188,
            10189,
            10190,
            10191,
            10192,
            40000
        ]
    },
    "841": {
        "event": [
            10187,
            10188,
            10189,
            10190,
            10191,
            10192,
            40000
        ]
    },
    "842": {
        "event": [
            10187,
            10188,
            10189,
            10190,
            10191,
            10192,
            40000
        ]
    },
    "843": {
        "event": [
            10187,
            10188,
            10189,
            10190,
            10191,
            10192,
            40000
        ]
    },
    "844": {
        "event": [
            10187,
            10188,
            10189,
            10190,
            10191,
            10192,
            40000
        ]
    },
    "845": {
        "event": [
            10187,
            10188,
            10189,
            10190,
            10191,
            10192,
            40000
        ]
    },
    "846": {
        "event": [
            10187,
            10188,
            10189,
            10190,
            10191,
            10192,
            40000
        ]
    },
    "872": {
        "event": [
            10193,
            10194,
            10195,
            10196,
            10197,
            10198,
            40000
        ]
    },
    "873": {
        "event": [
            10193,
            10194,
            10195,
            10196,
            10197,
            10198,
            40000
        ]
    },
    "874": {
        "event": [
            10193,
            10194,
            10195,
            10196,
            10197,
            10198,
            40000
        ]
    },
    "875": {
        "event": [
            10193,
            10194,
            10195,
            10196,
            10197,
            10198,
            40000
        ]
    },
    "876": {
        "event": [
            10193,
            10194,
            10195,
            10196,
            10197,
            10198,
            40000
        ]
    },
    "877": {
        "event": [
            10193,
            10194,
            10195,
            10196,
            10197,
            10198,
            40000
        ]
    },
    "878": {
        "event": [
            10193,
            10194,
            10195,
            10196,
            10197,
            10198,
            40000
        ]
    },
    "879": {
        "event": [
            10193,
            10194,
            10195,
            10196,
            10197,
            10198,
            40000
        ]
    },
    "880": {
        "event": [
            "50050"
        ]
    },
    "881": {
        "event": [
            "50050"
        ]
    },
    "882": {
        "event": [
            "50050"
        ]
    },
    "883": {
        "event": [
            "50050"
        ]
    },
    "884": {
        "event": [
            "50050"
        ]
    },
    "885": {
        "event": [
            "50050"
        ]
    },
    "886": {
        "event": [
            "50050"
        ]
    },
    "887": {
        "event": [
            "50050"
        ]
    },
    "888": {
        "event": [
            "50050"
        ]
    },
    "889": {
        "event": [
            "50050"
        ]
    },
    "890": {
        "event": [
            "50050"
        ]
    },
    "891": {
        "event": [
            "50050"
        ]
    },
    "892": {
        "event": [
            "50050"
        ]
    },
    "893": {
        "event": [
            10169,
            10170,
            10171,
            10172,
            10173,
            10174,
            40000
        ]
    },
    "894": {
        "event": [
            10169,
            10170,
            10171,
            10172,
            10173,
            10174,
            40000
        ]
    },
    "895": {
        "event": [
            10169,
            10170,
            10171,
            10172,
            10173,
            10174,
            40000
        ]
    },
    "896": {
        "event": [
            10169,
            10170,
            10171,
            10172,
            10173,
            10174,
            40000
        ]
    },
    "897": {
        "event": [
            10169,
            10170,
            10171,
            10172,
            10173,
            10174,
            40000
        ]
    },
    "898": {
        "event": [
            10169,
            10170,
            10171,
            10172,
            10173,
            10174,
            40000
        ]
    },
    "899": {
        "event": [
            10169,
            10170,
            10171,
            10172,
            10173,
            10174,
            40000
        ]
    },
    "900": {
        "event": [
            10169,
            10170,
            10171,
            10172,
            10173,
            10174,
            40000
        ]
    },
    "926": {
        "event": [
            10175,
            10176,
            10177,
            10178,
            10179,
            10180,
            40000
        ]
    },
    "927": {
        "event": [
            10175,
            10176,
            10177,
            10178,
            10179,
            10180,
            40000
        ]
    },
    "928": {
        "event": [
            10175,
            10176,
            10177,
            10178,
            10179,
            10180,
            40000
        ]
    },
    "929": {
        "event": [
            10175,
            10176,
            10177,
            10178,
            10179,
            10180,
            40000
        ]
    },
    "930": {
        "event": [
            10175,
            10176,
            10177,
            10178,
            10179,
            10180,
            40000
        ]
    },
    "931": {
        "event": [
            10175,
            10176,
            10177,
            10178,
            10179,
            10180,
            40000
        ]
    },
    "932": {
        "event": [
            10175,
            10176,
            10177,
            10178,
            10179,
            10180,
            40000
        ]
    },
    "933": {
        "event": [
            10175,
            10176,
            10177,
            10178,
            10179,
            10180,
            40000
        ]
    },
    "959": {
        "event": [
            10181,
            10182,
            10183,
            10184,
            10185,
            10186,
            40000
        ]
    },
    "960": {
        "event": [
            10181,
            10182,
            10183,
            10184,
            10185,
            10186,
            40000
        ]
    },
    "961": {
        "event": [
            10181,
            10182,
            10183,
            10184,
            10185,
            10186,
            40000
        ]
    },
    "962": {
        "event": [
            10181,
            10182,
            10183,
            10184,
            10185,
            10186,
            40000
        ]
    },
    "963": {
        "event": [
            10181,
            10182,
            10183,
            10184,
            10185,
            10186,
            40000
        ]
    },
    "964": {
        "event": [
            10181,
            10182,
            10183,
            10184,
            10185,
            10186,
            40000
        ]
    },
    "965": {
        "event": [
            10181,
            10182,
            10183,
            10184,
            10185,
            10186,
            40000
        ]
    },
    "966": {
        "event": [
            10181,
            10182,
            10183,
            10184,
            10185,
            10186,
            40000
        ]
    },
    "992": {
        "event": [
            10187,
            10188,
            10189,
            10190,
            10191,
            10192,
            40000
        ]
    },
    "993": {
        "event": [
            10187,
            10188,
            10189,
            10190,
            10191,
            10192,
            40000
        ]
    },
    "994": {
        "event": [
            10187,
            10188,
            10189,
            10190,
            10191,
            10192,
            40000
        ]
    },
    "995": {
        "event": [
            10187,
            10188,
            10189,
            10190,
            10191,
            10192,
            40000
        ]
    },
    "996": {
        "event": [
            10187,
            10188,
            10189,
            10190,
            10191,
            10192,
            40000
        ]
    },
    "997": {
        "event": [
            10187,
            10188,
            10189,
            10190,
            10191,
            10192,
            40000
        ]
    },
    "998": {
        "event": [
            10187,
            10188,
            10189,
            10190,
            10191,
            10192,
            40000
        ]
    },
    "999": {
        "event": [
            10187,
            10188,
            10189,
            10190,
            10191,
            10192,
            40000
        ]
    },
    "1025": {
        "event": [
            10193,
            10194,
            10195,
            10196,
            10197,
            10198,
            40000
        ]
    },
    "1026": {
        "event": [
            10193,
            10194,
            10195,
            10196,
            10197,
            10198,
            40000
        ]
    },
    "1027": {
        "event": [
            10193,
            10194,
            10195,
            10196,
            10197,
            10198,
            40000
        ]
    },
    "1028": {
        "event": [
            10193,
            10194,
            10195,
            10196,
            10197,
            10198,
            40000
        ]
    },
    "1029": {
        "event": [
            10193,
            10194,
            10195,
            10196,
            10197,
            10198,
            40000
        ]
    },
    "1030": {
        "event": [
            10193,
            10194,
            10195,
            10196,
            10197,
            10198,
            40000
        ]
    },
    "1031": {
        "event": [
            10193,
            10194,
            10195,
            10196,
            10197,
            10198,
            40000
        ]
    },
    "1032": {
        "event": [
            10193,
            10194,
            10195,
            10196,
            10197,
            10198,
            40000
        ]
    },
    "1033": {
        "event": [
            "99999"
        ]
    },
    "1034": {
        "event": [
            "99999"
        ]
    },
    "1035": {
        "event": [
            "99999"
        ]
    },
    "1036": {
        "event": [
            "99999"
        ]
    },
    "1037": {
        "event": [
            "99999"
        ]
    },
    "1038": {
        "event": [
            "99999"
        ]
    },
    "1039": {
        "event": [
            "99999"
        ]
    },
    "1040": {
        "event": [
            "99999"
        ]
    },
    "1041": {
        "event": [
            "99999"
        ]
    },
    "1042": {
        "event": [
            "99999"
        ]
    },
    "1043": {
        "event": [
            "99999"
        ]
    },
    "1044": {
        "event": [
            "99999"
        ]
    },
    "1045": {
        "event": [
            "99999"
        ]
    },
    "1046": {
        "event": [
            "99999"
        ]
    },
    "1047": {
        "event": [
            "99999"
        ]
    },
    "1048": {
        "event": [
            "99999"
        ]
    },
    "1049": {
        "event": [
            "99999"
        ]
    },
    "1050": {
        "event": [
            "99999"
        ]
    },
    "1051": {
        "event": [
            "99999"
        ]
    },
    "1052": {
        "event": [
            "99999"
        ]
    },
    "1053": {
        "event": [
            "99999"
        ]
    },
    "1054": {
        "event": [
            "99999"
        ]
    },
    "1055": {
        "event": [
            "99999"
        ]
    },
    "1056": {
        "event": [
            "99999"
        ]
    },
    "1057": {
        "event": [
            "99999"
        ]
    },
    "1058": {
        "event": [
            "99999"
        ]
    },
    "1059": {
        "event": [
            "99999"
        ]
    },
    "1060": {
        "event": [
            "99999"
        ]
    },
    "1061": {
        "event": [
            "99999"
        ]
    },
    "1062": {
        "event": [
            "99999"
        ]
    },
    "1063": {
        "event": [
            "99999"
        ]
    },
    "1064": {
        "event": [
            "99999"
        ]
    },
    "1065": {
        "event": [
            "99999"
        ]
    },
    "1066": {
        "event": [
            "99999"
        ]
    },
    "1067": {
        "event": [
            "99999"
        ]
    },
    "1068": {
        "event": [
            "99999"
        ]
    },
    "1069": {
        "event": [
            "99999"
        ]
    },
    "1070": {
        "event": [
            "99999"
        ]
    },
    "1071": {
        "event": [
            "99999"
        ]
    },
    "1072": {
        "event": [
            "99999"
        ]
    },
    "1073": {
        "event": [
            "99999"
        ]
    },
    "1074": {
        "event": [
            "99999"
        ]
    },
    "1075": {
        "event": [
            "99999"
        ]
    },
    "1076": {
        "event": [
            "99999"
        ]
    },
    "1077": {
        "event": [
            "99999"
        ]
    },
    "1078": {
        "event": [
            "99999"
        ]
    },
    "1079": {
        "event": [
            "99999"
        ]
    },
    "1080": {
        "event": [
            "99999"
        ]
    },
    "1081": {
        "event": [
            "99999"
        ]
    },
    "1082": {
        "event": [
            "99999"
        ]
    },
    "1083": {
        "event": [
            "99999"
        ]
    },
    "1084": {
        "event": [
            "99999"
        ]
    },
    "1085": {
        "event": [
            "99999"
        ]
    },
    "1086": {
        "event": [
            "99999"
        ]
    },
    "1087": {
        "event": [
            "99999"
        ]
    },
    "1088": {
        "event": [
            "99999"
        ]
    },
    "1089": {
        "event": [
            "99999"
        ]
    },
    "1090": {
        "event": [
            "99999"
        ]
    },
    "1091": {
        "event": [
            "99999"
        ]
    },
    "1092": {
        "event": [
            "99999"
        ]
    },
    "1093": {
        "event": [
            "99999"
        ]
    },
    "1094": {
        "event": [
            "99999"
        ]
    },
    "1095": {
        "event": [
            "99999"
        ]
    }
}