{
    "20000": {
        "event": "你没考上扬州中学。",
        "id": 20000,
        "effect": {
            "MRK": -3
        },
        "include": "TLT?[1002]",
        "exclude": "EVT?[10000]"
    },
    "30000": {
        "event": "你被开除了。",
        "id": 30000,
        "effect": {
            "MRK": -1
        },
        "NoRandom": 1
    },
    "40000": {
        "event": "无事发生。",
        "id": 40000
    },
    "50000": {
        "event": "放暑假。",
        "id": 50000
    },
    "50050": {
        "event": "放寒假。",
        "id": 50050
    },
    "99999": {
        "event": "你毕业了。不过这三年真的像高中吗？<small>你肯定很奇怪为什么没有高考，因为作者不想编了(/ω＼)。</small>",
        "id": 99999,
        "effect": {
            "MRK": -9999
        }
    },
    "10000": {
        "event": "你考取了扬州中学。",
        "id": 10000,
        "exclude": "EVT?[10000]&TLT?[1002]",
        "branch": [
            "TLT?[1003]:10001",
            "TLT![1016]&STR<4:10001"
        ]
    },
    "10001": {
        "event": "你决定住宿舍。",
        "id": 10001,
        "exclude": "EVT?[10001]"
    },
    "10002": {
        "event": "你的班主任是周春。",
        "id": 10002,
        "effect": {
            "SPR": -1
        },
        "exclude": "EVT?[10002]"
    },
    "10003": {
        "event": "你的班主任是王俊。",
        "id": 10003,
        "effect": {
            "SPR": 1
        },
        "exclude": "EVT?[10003]"
    },
    "10004": {
        "event": "学校说要摸底考，但知识早就忘了，于是你开始复习。",
        "id": 10004,
        "effect": {
            "SPR": -1
        },
        "exclude": "EVT?[10004]",
        "branch": [
            "ACH<4:10005",
            "ACH>=4:10006"
        ]
    },
    "10005": {
        "event": "你复习到凌晨一点。",
        "id": 10005,
        "effect": {
            "STR": -2
        },
        "NoRandom": 1,
        "exclude": "EVT?[10005]",
        "branch": [
            "STR<5:10007"
        ]
    },
    "10006": {
        "event": "你成绩很好，只是睡觉前回忆了一下就复习好了。",
        "id": 10006,
        "NoRandom": 1,
        "exclude": "EVT?[10006]"
    },
    "10007": {
        "event": "你太累了，于是在课堂上睡着了。",
        "id": 10007,
        "NoRandom": 1,
        "exclude": "EVT?[10007]",
        "branch": [
            "EVT?[10007]:10008"
        ]
    },
    "10008": {
        "event": "班主任发现了你上课睡觉，把你叫到办公室训了2h。",
        "id": 10008,
        "effect": {
            "SPR": -1
        },
        "include": "EVT?[10007]",
        "exclude": "EVT?[10008]",
        "branch": [
            "EMQ>5:10009",
            "EMQ<5:10010"
        ]
    },
    "10009": {
        "event": "你交了一份检讨,诚恳地承认错误。",
        "id": 10009,
        "effect": {
            "SPR": -1
        },
        "NoRandom": 1,
        "exclude": "EVT?[10009]"
    },
    "10010": {
        "event": "你觉得不就是睡个觉吗，以后还睡！",
        "id": 10010,
        "effect": {
            "SPR": 1,
            "MRK": -1
        },
        "NoRandom": 1,
        "exclude": "EVT?[10010]"
    },
    "10011": {
        "event": "你遇到不会的物理问题，去请教老师。",
        "id": 10011,
        "exclude": "EVT?[10011]",
        "branch": [
            "EVT?[10002]:10013"
        ]
    },
    "10012": {
        "event": "你数学作业写不完了。",
        "id": 10012,
        "effect": {
            "SPR": -1
        },
        "include": "ACH<4",
        "exclude": "EVT?[10012]"
    },
    "10013": {
        "event": "老师也不会，叫你不要钻牛角尖。",
        "id": 10013,
        "effect": {
            "ACH": -1
        },
        "NoRandom": 1,
        "include": "EVT?[10002]",
        "exclude": "EVT?[10003,10013]"
    },
    "10014": {
        "event": "班上空调遥控器坏了，你去找别的班的同学要。",
        "id": 10014,
        "include": "EVT?[10002]",
        "exclude": "EVT?[10014]"
    },
    "10015": {
        "event": "班上黑板坏了，你去总务处报修。",
        "id": 10015,
        "exclude": "EVT?[10015]"
    },
    "10016": {
        "event": "班上装了摄像头，你觉得很不舒服。",
        "id": 10016,
        "exclude": "EVT?[10016]"
    },
    "10017": {
        "event": "班上的垃圾袋没了，但你借不到。",
        "id": 10017,
        "include": "EMQ<3",
        "exclude": "EVT?[10017]"
    },
    "10018": {
        "event": "班上的垃圾袋没了，全校都抢着借给你垃圾袋。你感到很奇怪。",
        "id": 10018,
        "exclude": "EVT?[10018]&CHR<4&EMQ<4"
    },
    "10019": {
        "event": "你在班上打羽毛球，球卡在了电风扇里。",
        "id": 10019,
        "effect": {
            "SPR": 1
        },
        "exclude": "EVT?[10019]"
    },
    "10020": {
        "event": "今天布置了一黑板的作业，你肝不动了。",
        "id": 10020,
        "effect": {
            "ACH": 1
        },
        "exclude": "EVT?[10020]"
    },
    "10021": {
        "event": "学校的饮水机坏了，全是开水。",
        "id": 10021,
        "exclude": "EVT?[10021]",
        "branch": [
            "TLT?[1013]|STR>6:10022",
            "STR<6:10023"
        ]
    },
    "10022": {
        "event": "你去打水，不幸被烫伤了。",
        "id": 10022,
        "effect": {
            "STR": -2,
            "SPR": 1
        },
        "NoRandom": 1,
        "exclude": "EVT?[10022]",
        "branch": [
            "STR<3:10024"
        ]
    },
    "10023": {
        "event": "听说有人被饮水机烫伤了，幸好你从来不打水。",
        "id": 10023,
        "NoRandom": 1,
        "exclude": "EVT?[10023]"
    },
    "10024": {
        "event": "然后回家调养。",
        "id": 10024,
        "effect": {
            "STR": 1
        },
        "NoRandom": 1,
        "exclude": "EVT?[10024]",
        "branch": [
            "STR<6:10024"
        ]
    },
    "10025": {
        "event": "你的水杯消失了。怎么都找不到。",
        "id": 10025,
        "effect": {
            "SPR": -1
        },
        "include": "TLT?[1025]",
        "exclude": "EVT?[10025]",
        "branch": [
            "CHR>4&STR>4:10040"
        ]
    },
    "10026": {
        "event": "你和同学打架，一拳把学校的门揍了一个洞。",
        "id": 10026,
        "effect": {
            "SPR": 1,
            "MRK": -1
        },
        "exclude": "EVT?[10026]"
    },
    "10027": {
        "event": "数学课上，你的老师讲了3题错了3题。",
        "id": 10027,
        "effect": {
            "SPR": 2
        },
        "exclude": "EVT?[10027]"
    },
    "10028": {
        "event": "化学课上大家都在摸鱼。",
        "id": 10028,
        "exclude": "EVT?[10028]"
    },
    "10029": {
        "event": "同学带你去喝奶茶，你点了珍珠野果薏仁红豆仙草啵啵奶茶，一共50元。",
        "id": 10029,
        "effect": {
            "STR": 1,
            "SPR": 2
        },
        "exclude": "EMQ>5&EVT?[10030,10029]"
    },
    "10030": {
        "event": "同学带你去喝奶茶，你点了最便宜的一杯奶茶",
        "id": 10030,
        "effect": {
            "EMQ": 1
        },
        "exclude": "EVT?[10029,10030]"
    },
    "10031": {
        "event": "你在宿舍打牌，被宿管阿姨发现了。",
        "id": 10031,
        "include": "EVT?[10001]",
        "exclude": "EVT?[10031]"
    },
    "10032": {
        "event": "你中午在宿舍写完了一天的作业，同学叫你别卷了。",
        "id": 10032,
        "effect": {
            "ACH": 1
        },
        "include": "EVT?[10001]",
        "exclude": "EVT?[10032,10045]"
    },
    "10033": {
        "event": "你带来了一盒三国杀，在宿舍里废寝忘食。",
        "id": 10033,
        "effect": {
            "ACH": -1,
            "SPR": 1
        },
        "include": "EVT?[10001]",
        "exclude": "EVT?[10033]"
    },
    "10034": {
        "event": "晚上你和几位同学开黑打雀魂，直到凌晨四点。",
        "id": 10034,
        "effect": {
            "ACH": -1,
            "STR": -1,
            "SPR": 2
        },
        "exclude": "EVT?[10034]",
        "branch": [
            "STR<4:10035"
        ]
    },
    "10035": {
        "event": "然后白天你上课打瞌睡，被老师罚站了。",
        "id": 10035,
        "effect": {
            "ACH": -1,
            "SPR": -1,
            "MRK": -1
        },
        "NoRandom": 1,
        "exclude": "EVT?[10035]"
    },
    "10036": {
        "event": "午休时，旁边的同学把被子扔到了你的脸上。",
        "id": 10036,
        "include": "EVT?[10001]",
        "exclude": "EVT?[10036]",
        "branch": [
            "EMQ<4:10037",
            "EMQ>3:10038"
        ]
    },
    "10037": {
        "event": "你很生气，丢回去一个枕头。",
        "id": 10037,
        "effect": {
            "SPR": -1
        },
        "NoRandom": 1,
        "exclude": "EVT?[10037]"
    },
    "10038": {
        "event": "你觉醒了奇怪的属性，叫他再砸一下。",
        "id": 10038,
        "effect": {
            "SPR": 3
        },
        "NoRandom": 1,
        "include": "EVT?[10001]",
        "exclude": "EVT?[10038]"
    },
    "10039": {
        "event": "你午休时睡得太香了，呼噜把其他同学吵醒了。",
        "id": 10039,
        "effect": {
            "CHR": -1,
            "STR": 1
        },
        "include": "EVT?[10001]",
        "exclude": "EVT?[10039]"
    },
    "10040": {
        "event": "后来你的水杯找到了，同学告诉你它在垃圾桶里。",
        "id": 10040,
        "effect": {
            "SPR": 1
        },
        "NoRandom": 1,
        "exclude": "EVT?[10040]"
    },
    "10041": {
        "event": "上课时你的手表还在抽屉里，下课时就不见了。",
        "id": 10041,
        "include": "TLT?[1014]",
        "exclude": "EVT?[10041]"
    },
    "10042": {
        "event": "同学带过来一床被子，结果宿舍里全是咸鱼味。",
        "id": 10042,
        "include": "EVT?[10001]",
        "exclude": "EVT?[10042]"
    },
    "10043": {
        "event": "中午你拿起了同学的手机打明某方舟。",
        "id": 10043,
        "effect": {
            "SPR": 1
        },
        "include": "EVT?[10001]",
        "exclude": "EVT?[10043]",
        "branch": [
            "ACH>3:10044"
        ]
    },
    "10044": {
        "event": "结果蒂蒂声音太大，被阿姨发现了。",
        "id": 10044,
        "effect": {
            "SPR": -2,
            "MRK": -1
        },
        "NoRandom": 1,
        "include": "EVT?[10001]"
    },
    "10045": {
        "event": "中午你和舍友聊天，调侃同学的八卦。",
        "id": 10045,
        "include": "EVT?[10001]",
        "exclude": "EVT?[10045]",
        "branch": [
            "EMQ<4:10046"
        ]
    },
    "10046": {
        "event": "结果暴露了自己的感情史。",
        "id": 10046,
        "effect": {
            "CHR": 1
        },
        "NoRandom": 1,
        "include": "EVT?[10001]",
        "exclude": "EVT?[10046]"
    },
    "10047": {
        "event": "你在宿舍床上蹦迪。",
        "id": 10047,
        "effect": {
            "SPR": 1
        },
        "include": "EVT?[10001]",
        "exclude": "EVT?[10047]",
        "branch": [
            "STR>4:10048"
        ]
    },
    "10048": {
        "event": "床板塌了。",
        "id": 10048,
        "effect": {
            "SPR": -1
        },
        "NoRandom": 1,
        "include": "EVT?[10001]",
        "exclude": "EVT?[10048]",
        "branch": [
            "CHR<5:10049"
        ]
    },
    "10049": {
        "event": "阿姨打电话给学工处，某主任叫你赔偿。",
        "id": 10049,
        "effect": {
            "SPR": -1
        },
        "NoRandom": 1,
        "include": "EVT?[10001]",
        "exclude": "EVT?[10049]"
    },
    "10050": {
        "event": "摔了下来。",
        "id": 10050,
        "effect": {
            "CHR": -1,
            "STR": -2
        },
        "NoRandom": 1,
        "include": "EVT?[10001]",
        "exclude": "EVT?[10050]",
        "branch": [
            "STR<9:10024"
        ]
    },
    "10051": {
        "event": "你听说宿舍改造，成了二十人间。",
        "id": 10051,
        "include": "EVT?[10001]",
        "exclude": "EVT?[10051]"
    },
    "10052": {
        "event": "你搬进了新宿舍，二十个人你都没有认识的。",
        "id": 10052,
        "include": "EVT?[10051]&EMQ<5",
        "exclude": "EVT?[10052]"
    },
    "10053": {
        "event": "你搬进了新宿舍，二十个人你很快就熟络起来。",
        "id": 10053,
        "effect": {
            "EMQ": 1,
            "SPR": 1
        },
        "include": "EVT?[10051]&EMQ>4",
        "exclude": "EVT?[10053]"
    },
    "10054": {
        "event": "宿舍发布新规：不允许带作业。",
        "id": 10054,
        "exclude": "EVT?[10054]"
    },
    "10055": {
        "event": "男生宿舍更换主任，可靠消息称，新主任和女生宿舍的是同一人。",
        "id": 10055,
        "exclude": "EVT?[10055]"
    },
    "10056": {
        "event": "宿舍发布新规：午休时间缩短至10min。",
        "id": 10056,
        "include": "EVT?[10001]",
        "exclude": "EVT?[10056]",
        "branch": [
            "STR>7&EVT?[10001]:10057",
            "STR<8&EVT?[10001]:10058"
        ]
    },
    "10057": {
        "event": "笑死，你根本不睡觉。",
        "id": 10057,
        "NoRandom": 1,
        "exclude": "EVT?[10057]"
    },
    "10058": {
        "event": "你tm要困死了。",
        "id": 10058,
        "effect": {
            "SPR": -1
        },
        "NoRandom": 1,
        "exclude": "EVT?[10058]&TLT?[1012]"
    },
    "10059": {
        "event": "食堂三楼重新开放。",
        "id": 10059,
        "exclude": "EVT?[10059]"
    },
    "10060": {
        "event": "食堂重新开放汉堡窗口。",
        "id": 10060,
        "effect": {
            "SPR": 1
        },
        "exclude": "EVT?[10060]",
        "branch": [
            "STR<5:10061"
        ]
    },
    "10061": {
        "event": "你高兴得一顿吃了十个汉堡。",
        "id": 10061,
        "effect": {
            "CHR": -1,
            "STR": -1
        },
        "NoRandom": 1,
        "exclude": "EVT?[10061]"
    },
    "10062": {
        "event": "食堂和某风食堂加盟，推出了牛丼饭。",
        "id": 10062,
        "exclude": "EVT?[10062]"
    },
    "10063": {
        "event": "食堂取消饭卡，改收定食餐费。",
        "id": 10063,
        "exclude": "EVT?[10063]"
    },
    "10064": {
        "event": "食堂发布新规：插队收费十元。",
        "id": 10064,
        "exclude": "EVT?[10064]"
    },
    "10065": {
        "event": "食堂拆除了电视。",
        "id": 10065,
        "exclude": "EVT?[10065]"
    },
    "10066": {
        "event": "你在食堂收看足球，忘记了晚自习时间。",
        "id": 10066,
        "exclude": "EVT?[10066,10065]",
        "branch": [
            "ACH<5:10067"
        ]
    },
    "10067": {
        "event": "结果被班主任训了2h。",
        "id": 10067,
        "NoRandom": 1,
        "exclude": "EVT?[10067]"
    },
    "10068": {
        "event": "食堂拆除了椅子，声称站着更容易消化。",
        "id": 10068,
        "effect": {
            "STR": 2,
            "SPR": -1
        },
        "exclude": "EVT?[10068,10069]"
    },
    "10069": {
        "event": "食堂把椅子改成了沙发，称这样可以让同学放松。",
        "id": 10069,
        "effect": {
            "STR": -1,
            "SPR": 1
        },
        "exclude": "EVT?[10069,10068]"
    },
    "10070": {
        "event": "食堂餐具中加入了刀叉。",
        "id": 10070,
        "exclude": "EVT?[10070]"
    },
    "10071": {
        "event": "食堂全面筛除了长短不一的筷子。",
        "id": 10071,
        "exclude": "EVT?[10071]"
    },
    "10072": {
        "event": "食堂加入了儿童餐具。",
        "id": 10072,
        "exclude": "EVT?[10072]",
        "branch": [
            "ACH<5:10073"
        ]
    },
    "10073": {
        "event": "你很喜欢。",
        "id": 10073,
        "effect": {
            "SPR": 1
        },
        "NoRandom": 1,
        "exclude": "EVT?[10073]"
    },
    "10074": {
        "event": "食堂推出了儿童套餐。",
        "id": 10074,
        "exclude": "EVT?[10074]",
        "branch": [
            "ACH<5:10073"
        ]
    },
    "10075": {
        "event": "食堂二楼关闭。",
        "id": 10075,
        "exclude": "EVT?[10075]"
    },
    "10076": {
        "event": "食堂被评选为米其林餐厅。",
        "id": 10076,
        "exclude": "EVT?[10076]",
        "branch": [
            "EMQ>7:10077",
            "EMQ<8:10078"
        ]
    },
    "10077": {
        "event": "你觉得没什么，因为自己家也有。",
        "id": 10077,
        "NoRandom": 1,
        "exclude": "EVT?[10077]"
    },
    "10078": {
        "event": "你觉得太离谱了！",
        "id": 10078,
        "NoRandom": 1,
        "exclude": "EVT?[10078]"
    },
    "10079": {
        "event": "食堂加入了铁板烧。",
        "id": 10079,
        "effect": {
            "SPR": 1
        },
        "exclude": "EVT?[10079]"
    },
    "10080": {
        "event": "食堂加入了鹅肝寿司。",
        "id": 10080,
        "effect": {
            "SPR": 1
        },
        "exclude": "EVT?[10080]"
    },
    "10081": {
        "event": "食堂点菜前必须背一段报菜名。",
        "id": 10081,
        "exclude": "EVT?[10081]",
        "branch": [
            "ACH>5:10082",
            "ACH<6:10083"
        ]
    },
    "10082": {
        "event": "你觉得没什么，因为你早就烂熟于心。",
        "id": 10082,
        "effect": {
            "SPR": 1
        },
        "NoRandom": 1,
        "exclude": "EVT?[10082]"
    },
    "10083": {
        "event": "你觉得这辈子是吃不上食堂了。",
        "id": 10083,
        "NoRandom": 1,
        "exclude": "EVT?[10083]"
    },
    "10084": {
        "event": "有人在食堂打三国杀。",
        "id": 10084,
        "exclude": "EVT?[10084]",
        "branch": [
            "ACH>5:10085",
            "ACH<6:10086"
        ]
    },
    "10085": {
        "event": "你加入了他们。",
        "id": 10085,
        "NoRandom": 1,
        "exclude": "EVT?[10085]",
        "branch": [
            "ACH<8:10067"
        ]
    },
    "10086": {
        "event": "你根本看不懂。",
        "id": 10086,
        "NoRandom": 1,
        "exclude": "EVT?[10086]"
    },
    "10087": {
        "event": "食堂的刷卡机出现bug，卡上的钱越刷越多。",
        "id": 10087,
        "effect": {
            "SPR": 1
        },
        "exclude": "EVT?[10087]"
    },
    "10088": {
        "event": "食堂阿姨大爷全体迟到。",
        "id": 10088,
        "exclude": "EVT?[10088]",
        "branch": [
            "STR>5:10089",
            "STR<6:10090"
        ]
    },
    "10089": {
        "event": "但你才上完体育课，根本不想吃饭。",
        "id": 10089,
        "NoRandom": 1,
        "exclude": "EVT?[10089]"
    },
    "10090": {
        "event": "你饿扁了。",
        "id": 10090,
        "effect": {
            "STR": -1
        },
        "NoRandom": 1,
        "exclude": "EVT?[10090]"
    },
    "10091": {
        "event": "食堂的汤全是白开水，因为厨师做饭的时候在肝原人",
        "id": 10091,
        "exclude": "EVT?[10091]"
    },
    "10092": {
        "event": "食堂的汤忘记放水了，因为厨师做汤的时候把水都划完了",
        "id": 10092,
        "exclude": "EVT?[10092]"
    },
    "10093": {
        "event": "食堂发布新规：不允许男女坐同一桌。",
        "id": 10093,
        "effect": {
            "SPR": -1
        },
        "exclude": "EVT?[10093,10094]"
    },
    "10094": {
        "event": "食堂发布新规：鼓励男女做同一桌。",
        "id": 10094,
        "effect": {
            "SPR": 1
        },
        "exclude": "EVT?[10093,10094]"
    },
    "10095": {
        "event": "自动贩卖机加入鸡尾酒。",
        "id": 10095,
        "effect": {
            "SPR": 1
        },
        "exclude": "EVT?[10095]"
    },
    "10096": {
        "event": "自动贩卖机最上面一层加入了玻璃瓶汽水。声称买后要自己清理现场。",
        "id": 10096,
        "exclude": "EVT?[10096]"
    },
    "10097": {
        "event": "自动贩卖机只支持100元纸币。",
        "id": 10097,
        "exclude": "EVT?[10097,10098]"
    },
    "10098": {
        "event": "自动贩卖机支持昨日方舟的源石支付。",
        "id": 10098,
        "exclude": "EVT?[10097,10098]"
    },
    "10099": {
        "event": "自动贩卖机上的广告变成北冰洋。",
        "id": 10099,
        "exclude": "EVT?[10099]"
    },
    "10100": {
        "event": "你模仿炮姐踢饮料。",
        "id": 10100,
        "exclude": "EVT?[10100]",
        "branch": [
            "TLT?[1017]|STR<5:10102",
            "STR>4:10101"
        ]
    },
    "10101": {
        "event": "结果自动贩卖机被踢坏了。",
        "id": 10101,
        "NoRandom": 1,
        "exclude": "EVT?[10101]"
    },
    "10102": {
        "event": "没有饮料掉下来，但你脚坏了。",
        "id": 10102,
        "NoRandom": 1,
        "exclude": "EVT?[10102]"
    },
    "10103": {
        "event": "自清园的柳树改栽椰树。",
        "id": 10103,
        "exclude": "EVT?[10103]"
    },
    "10104": {
        "event": "自清园成为你们班的包干区域。",
        "id": 10104,
        "exclude": "EVT?[10104]"
    },
    "10105": {
        "event": "自清园的池塘中引种了鲨鱼。",
        "id": 10105,
        "exclude": "EVT?[10105]"
    },
    "10106": {
        "event": "自清园拆除了所有摄像头，称要给同学更加轻松的放松环境。",
        "id": 10106,
        "exclude": "EVT?[10106]"
    },
    "10107": {
        "event": "自清园铺上了柏油路。",
        "id": 10107,
        "exclude": "EVT?[10107]"
    },
    "10108": {
        "event": "自清园的园丁中种出了一个方案，证伪了四色定理。",
        "id": 10108,
        "exclude": "EVT?[10108]",
        "branch": [
            "ACH==10:10109"
        ]
    },
    "10109": {
        "event": "你觉得就这？",
        "id": 10109,
        "NoRandom": 1,
        "exclude": "EVT?[10109]"
    },
    "10110": {
        "event": "学校发布水质报告，称自清园池塘的水可以直接饮用。",
        "id": 10110,
        "exclude": "EVT?[10110]"
    },
    "10111": {
        "event": "综合楼大厅里造出了彭罗斯阶梯。",
        "id": 10111,
        "exclude": "EVT?[10111]"
    },
    "10112": {
        "event": "自清园的草长到了一人高。",
        "id": 10112,
        "exclude": "EVT?[10112]"
    },
    "10113": {
        "event": "自清园实行收费参观制度。",
        "id": 10113,
        "exclude": "EVT?[10113]"
    },
    "10114": {
        "event": "食堂为自清园提供外卖窗口。",
        "id": 10114,
        "exclude": "EVT?[10114]"
    },
    "10115": {
        "event": "自清园后的围墙被拆除，称此举可以考验同学的自觉性。",
        "id": 10115,
        "exclude": "EVT?[10115]"
    },
    "10116": {
        "event": "食堂的刷卡机密匙被破解，但是你饭卡丢了。",
        "id": 10116,
        "exclude": "EVT?[10116]&TLT?[1001]"
    },
    "10117": {
        "event": "自清园成立生态保护小组。",
        "id": 10117,
        "exclude": "EVT?[10117]"
    },
    "10118": {
        "event": "北门换了新保安。",
        "id": 10118,
        "exclude": "EVT?[10118]"
    },
    "10119": {
        "event": "学校大门装修。",
        "id": 10119,
        "exclude": "EVT?[10119]"
    },
    "10120": {
        "event": "学校的传达室里扣留了大量的学生外卖。",
        "id": 10120,
        "exclude": "EVT?[10120]"
    },
    "10121": {
        "event": "你迟到了，但是保安没记你名字。",
        "id": 10121,
        "exclude": "EVT?[10121,10122]"
    },
    "10122": {
        "event": "你迟到了，保安把你名字记了两遍。",
        "id": 10122,
        "effect": {
            "MRK": -1
        },
        "exclude": "EVT?[10121,10122]"
    },
    "10123": {
        "event": "你听说北门保安保研了清华。",
        "id": 10123,
        "exclude": "EVT?[10123]",
        "branch": [
            "ACH>8:10124",
            "ACH<9:10125"
        ]
    },
    "10124": {
        "event": "但你北大的看不起清华。",
        "id": 10124,
        "NoRandom": 1,
        "exclude": "EVT?[10124]"
    },
    "10125": {
        "event": "你觉得这么卷了吗？！",
        "id": 10125,
        "NoRandom": 1,
        "exclude": "EVT?[10125]"
    },
    "10126": {
        "event": "考试书店再次缩小，仅剩3平米柜台大小。",
        "id": 10126,
        "exclude": "EVT?[10126]"
    },
    "10127": {
        "event": "考试书店取消销售高中以下的书籍。",
        "id": 10127,
        "exclude": "EVT?[10127]"
    },
    "10128": {
        "event": "考试书店被责令整改，据说是因为销售太难的习题册。",
        "id": 10128,
        "exclude": "EVT?[10128]"
    },
    "10129": {
        "event": "你向保安问了好。",
        "id": 10129,
        "effect": {
            "EMQ": 1
        },
        "exclude": "EVT?[10129]"
    },
    "10130": {
        "event": "你吃了西红柿炒蛋。",
        "id": 10130
    },
    "10131": {
        "event": "你吃了宫保鸡丁。",
        "id": 10131
    },
    "10132": {
        "event": "你喝了两盒真果粒。",
        "id": 10132
    },
    "10133": {
        "event": "你没买到芒果味的真果粒，很伤心。",
        "id": 10133,
        "NoRandom": -1,
        "exclude": "EVT?[10133]"
    },
    "10134": {
        "event": "你摔了一个跟头。",
        "id": 10134,
        "exclude": "EVT?[10134]",
        "branch": [
            "STR>4:10135",
            "STR<3:10136"
        ]
    },
    "10135": {
        "event": "啥事没有。",
        "id": 10135,
        "NoRandom": 1,
        "exclude": "EVT?[10135]"
    },
    "10136": {
        "event": "疼死你了。",
        "id": 10136,
        "effect": {
            "STR": -1
        },
        "NoRandom": 1,
        "exclude": "EVT?[10136]"
    },
    "10137": {
        "event": "综合楼的一个玻璃窗上出现了神秘涂鸦，是几个人名，中间画着爱心。",
        "id": 10137,
        "exclude": "EVT?[10137]"
    },
    "10138": {
        "event": "有人称看到同学在树人堂前水池里游泳。",
        "id": 10138,
        "exclude": "EVT?[10138]"
    },
    "10139": {
        "event": "语文组换办公室了。",
        "id": 10139,
        "exclude": "EVT?[10139]"
    },
    "10140": {
        "event": "有人发现数学组某个老师的座位经常是空的。",
        "id": 10140,
        "exclude": "EVT?[10140]",
        "branch": [
            "ACH>5:10141"
        ]
    },
    "10141": {
        "event": "成绩很好的你知道——这是有人在摸鱼而已。",
        "id": 10141,
        "NoRandom": 1,
        "exclude": "EVT?[10141]"
    },
    "10142": {
        "event": "学校停电了5min",
        "id": 10142,
        "exclude": "EVT?[10142]"
    },
    "10143": {
        "event": "学校宣布树人堂水池不再养鱼。",
        "id": 10143,
        "exclude": "EVT?[10143]"
    },
    "10144": {
        "event": "学校正在考虑扩大树人堂水池。",
        "id": 10144,
        "exclude": "EVT?[10144]"
    },
    "10145": {
        "event": "听说有人掉进了树人堂水池。",
        "id": 10145,
        "exclude": "EVT?[10145]"
    },
    "10146": {
        "event": "你对着树人堂水池照自己，被同学看见了。",
        "id": 10146,
        "exclude": "EVT?[10146]",
        "branch": [
            "CHR<4:10047"
        ]
    },
    "10147": {
        "event": "同学打了一个？",
        "id": 10147,
        "NoRandom": 1,
        "exclude": "EVT?[10147]"
    },
    "10148": {
        "event": "树人堂里老鼠成灾。",
        "id": 10148,
        "include": "EVT?[10149]",
        "exclude": "EVT?[10148]"
    },
    "10149": {
        "event": "树人堂修缮完毕。",
        "id": 10149,
        "exclude": "EVT?[10149]"
    },
    "10150": {
        "event": "树人堂的窗口被全部封上。",
        "id": 10150,
        "include": "EVT?[10149]",
        "exclude": "EVT?[10150]"
    },
    "10151": {
        "event": "树人堂里新增了几位杰出校友的展示区。",
        "id": 10151,
        "include": "EVT?[10149]",
        "exclude": "EVT?[10151]"
    },
    "10152": {
        "event": "新校规：树人堂十米以内不允许靠近。",
        "id": 10152,
        "include": "EVT?[10149]",
        "exclude": "EVT?[10152]",
        "branch": [
            "STR>6:10153",
            "STR<7:10154"
        ]
    },
    "10153": {
        "event": "但你背地里想试一试。",
        "id": 10153,
        "NoRandom": 1,
        "include": "EVT?[10149]",
        "exclude": "EVT?[10153]"
    },
    "10154": {
        "event": "你很害怕，发誓以后一定遵守。",
        "id": 10154,
        "NoRandom": 1,
        "include": "EVT?[10149]",
        "exclude": "EVT?[10154]"
    },
    "10155": {
        "event": "黄老板向你撒了个娇。",
        "id": 10155,
        "effect": {
            "SPR": 1
        },
        "include": "CHR>4",
        "exclude": "EVT?[10155]"
    },
    "10156": {
        "event": "黄老板被你长相吓跑了",
        "id": 10156,
        "include": "CHR<5",
        "exclude": "EVT?[10156]"
    },
    "10157": {
        "event": "你认真听讲，收获很多。",
        "id": 10157,
        "effect": {
            "ACH": 1
        },
        "exclude": "EVT?[10157]"
    },
    "10158": {
        "event": "你的笔记很工整，被老师表扬了。",
        "id": 10158,
        "effect": {
            "ACH": 1,
            "SPR": 1
        },
        "exclude": "EVT?[10158]"
    },
    "10159": {
        "event": "你上课摸大鱼，今天的作业你啥都不会。",
        "id": 10159,
        "effect": {
            "ACH": -1
        },
        "exclude": "EVT?[10159]"
    },
    "10160": {
        "event": "因为认真背书，默写取得了不错的成绩。",
        "id": 10160,
        "effect": {
            "ACH": 1,
            "SPR": 1
        },
        "exclude": "EVT?[10160]"
    },
    "10161": {
        "event": "你直到上课前才背书，英语是一个都默不出来。",
        "id": 10161,
        "effect": {
            "ACH": -1
        },
        "exclude": "EVT?[10161]"
    },
    "10162": {
        "event": "你抄了同桌错误的笔记，学习了错误的知识。",
        "id": 10162,
        "effect": {
            "ACH": -1
        },
        "exclude": "EVT?[10162]"
    },
    "10163": {
        "event": "你认真完成了作业，获得了表扬。",
        "id": 10163,
        "effect": {
            "ACH": 1,
            "SPR": 1
        },
        "exclude": "EVT?[10163]"
    },
    "10164": {
        "event": "你一份数学花了一个晚自习才写完。",
        "id": 10164,
        "exclude": "EVT?[10164]",
        "branch": [
            "ACH?>8:10165",
            "ACH?<9:10166"
        ]
    },
    "10165": {
        "event": "然而你成绩好，其他作业只用了半小时。",
        "id": 10165,
        "NoRandom": 1,
        "exclude": "EVT?[10165]"
    },
    "10166": {
        "event": "你其他作业肝不完了。",
        "id": 10166,
        "NoRandom": 1,
        "exclude": "EVT?[10166]"
    },
    "10167": {
        "event": "你和同学聊天，得知了最近有新番上映。",
        "id": 10167,
        "effect": {
            "SPR": 1
        },
        "exclude": "EVT?[10167]"
    },
    "10168": {
        "event": "你追番到深夜。",
        "id": 10168,
        "exclude": "EVT?[10168]&TLT?[1005]"
    },
    "10169": {
        "event": "开学考试。",
        "id": 10169,
        "exclude": "EVT?[10169]",
        "branch": [
            "(TLT![1024]&ACH<6)|TLT?[1022]:10199",
            "TLT?[1024]:10201"
        ]
    },
    "10170": {
        "event": "开学考试。",
        "id": 10170,
        "exclude": "EVT?[10170]",
        "branch": [
            "(TLT![1024]&ACH<6)|TLT?[1022]:10199",
            "TLT?[1024]:10201"
        ]
    },
    "10171": {
        "event": "开学考试。",
        "id": 10171,
        "exclude": "EVT?[10171]",
        "branch": [
            "(TLT![1024]&ACH<6)|TLT?[1022]:10199",
            "TLT?[1024]:10201"
        ]
    },
    "10172": {
        "event": "开学考试。",
        "id": 10172,
        "exclude": "EVT?[10172]",
        "branch": [
            "(TLT![1024]&ACH<6)|TLT?[1022]:10199",
            "TLT?[1024]:10201"
        ]
    },
    "10173": {
        "event": "开学考试。",
        "id": 10173,
        "exclude": "EVT?[10173]",
        "branch": [
            "(TLT![1024]&ACH<6)|TLT?[1022]:10199",
            "TLT?[1024]:10201"
        ]
    },
    "10174": {
        "event": "开学考试。",
        "id": 10174,
        "exclude": "EVT?[10174]",
        "branch": [
            "(TLT![1024]&ACH<6)|TLT?[1022]:10199",
            "TLT?[1024]:10201"
        ]
    },
    "10175": {
        "event": "第一次月考。",
        "id": 10175,
        "exclude": "EVT?[10175]",
        "branch": [
            "(TLT![1024]&ACH<6)|TLT?[1022]:10199",
            "TLT?[1024]:10201"
        ]
    },
    "10176": {
        "event": "第一次月考。",
        "id": 10176,
        "exclude": "EVT?[10176]",
        "branch": [
            "(TLT![1024]&ACH<6)|TLT?[1022]:10199",
            "TLT?[1024]:10201"
        ]
    },
    "10177": {
        "event": "第一次月考。",
        "id": 10177,
        "exclude": "EVT?[10177]",
        "branch": [
            "(TLT![1024]&ACH<6)|TLT?[1022]:10199",
            "TLT?[1024]:10201"
        ]
    },
    "10178": {
        "event": "第一次月考。",
        "id": 10178,
        "exclude": "EVT?[10178]",
        "branch": [
            "(TLT![1024]&ACH<6)|TLT?[1022]:10199",
            "TLT?[1024]:10201"
        ]
    },
    "10179": {
        "event": "第一次月考。",
        "id": 10179,
        "exclude": "EVT?[10179]",
        "branch": [
            "(TLT![1024]&ACH<6)|TLT?[1022]:10199",
            "TLT?[1024]:10201"
        ]
    },
    "10180": {
        "event": "第一次月考。",
        "id": 10180,
        "exclude": "EVT?[10180]",
        "branch": [
            "(TLT![1024]&ACH<6)|TLT?[1022]:10199",
            "TLT?[1024]:10201"
        ]
    },
    "10181": {
        "event": "期中考试。",
        "id": 10181,
        "exclude": "EVT?[10181]",
        "branch": [
            "(TLT![1024]&ACH<6)|TLT?[1022]:10199",
            "TLT?[1024]:10201"
        ]
    },
    "10182": {
        "event": "期中考试。",
        "id": 10182,
        "exclude": "EVT?[10182]",
        "branch": [
            "(TLT![1024]&ACH<6)|TLT?[1022]:10199",
            "TLT?[1024]:10201"
        ]
    },
    "10183": {
        "event": "期中考试。",
        "id": 10183,
        "exclude": "EVT?[10183]",
        "branch": [
            "(TLT![1024]&ACH<6)|TLT?[1022]:10199",
            "TLT?[1024]:10201"
        ]
    },
    "10184": {
        "event": "期中考试。",
        "id": 10184,
        "exclude": "EVT?[10184]",
        "branch": [
            "(TLT![1024]&ACH<6)|TLT?[1022]:10199",
            "TLT?[1024]:10201"
        ]
    },
    "10185": {
        "event": "期中考试。",
        "id": 10185,
        "exclude": "EVT?[10185]",
        "branch": [
            "(TLT![1024]&ACH<6)|TLT?[1022]:10199",
            "TLT?[1024]:10201"
        ]
    },
    "10186": {
        "event": "期中考试。",
        "id": 10186,
        "exclude": "EVT?[10186]",
        "branch": [
            "(TLT![1024]&ACH<6)|TLT?[1022]:10199",
            "TLT?[1024]:10201"
        ]
    },
    "10187": {
        "event": "第二次月考。",
        "id": 10187,
        "exclude": "EVT?[10187]",
        "branch": [
            "(TLT![1024]&ACH<6)|TLT?[1022]:10199",
            "TLT?[1024]:10201"
        ]
    },
    "10188": {
        "event": "第二次月考。",
        "id": 10188,
        "exclude": "EVT?[10188]",
        "branch": [
            "(TLT![1024]&ACH<6)|TLT?[1022]:10199",
            "TLT?[1024]:10201"
        ]
    },
    "10189": {
        "event": "第二次月考。",
        "id": 10189,
        "exclude": "EVT?[10189]",
        "branch": [
            "(TLT![1024]&ACH<6)|TLT?[1022]:10199",
            "TLT?[1024]:10201"
        ]
    },
    "10190": {
        "event": "第二次月考。",
        "id": 10190,
        "exclude": "EVT?[10190]",
        "branch": [
            "(TLT![1024]&ACH<6)|TLT?[1022]:10199",
            "TLT?[1024]:10201"
        ]
    },
    "10191": {
        "event": "第二次月考。",
        "id": 10191,
        "exclude": "EVT?[10191]",
        "branch": [
            "(TLT![1024]&ACH<6)|TLT?[1022]:10199",
            "TLT?[1024]:10201"
        ]
    },
    "10192": {
        "event": "第二次月考。",
        "id": 10192,
        "exclude": "EVT?[10192]",
        "branch": [
            "(TLT![1024]&ACH<6)|TLT?[1022]:10199",
            "TLT?[1024]:10201"
        ]
    },
    "10193": {
        "event": "期末考试。",
        "id": 10193,
        "exclude": "EVT?[10193]",
        "branch": [
            "(TLT![1024]&ACH<6)|TLT?[1022]:10199",
            "TLT?[1024]:10201"
        ]
    },
    "10194": {
        "event": "期末考试。",
        "id": 10194,
        "exclude": "EVT?[10194]",
        "branch": [
            "(TLT![1024]&ACH<6)|TLT?[1022]:10199",
            "TLT?[1024]:10201"
        ]
    },
    "10195": {
        "event": "期末考试。",
        "id": 10195,
        "exclude": "EVT?[10195]",
        "branch": [
            "(TLT![1024]&ACH<6)|TLT?[1022]:10199",
            "TLT?[1024]:10201"
        ]
    },
    "10196": {
        "event": "期末考试。",
        "id": 10196,
        "exclude": "EVT?[10196]",
        "branch": [
            "(TLT![1024]&ACH<6)|TLT?[1022]:10199",
            "TLT?[1024]:10201"
        ]
    },
    "10197": {
        "event": "期末考试。",
        "id": 10197,
        "exclude": "EVT?[10197]",
        "branch": [
            "(TLT![1024]&ACH<6)|TLT?[1022]:10199",
            "TLT?[1024]:10201"
        ]
    },
    "10198": {
        "event": "期末考试。",
        "id": 10198,
        "exclude": "EVT?[10198]",
        "branch": [
            "(TLT![1024]&ACH<6)|TLT?[1022]:10199",
            "TLT?[1024]:10201"
        ]
    },
    "10199": {
        "event": "你考崩了。",
        "id": 10199,
        "effect": {
            "SPR": -1
        },
        "NoRandom": 1,
        "exclude": "EVT?[10199]"
    },
    "10200": {
        "event": "你一不小心考了第一。",
        "id": 10200,
        "effect": {
            "SPR": 1
        },
        "NoRandom": 1,
        "exclude": "EVT?[10200]"
    },
    "10201": {
        "event": "但你不用考试。",
        "id": 10201,
        "NoRandom": 1,
        "exclude": "EVT?[10201]"
    },
    "10202": {
        "event": "同桌换了一个男生。",
        "id": 10202,
        "exclude": "EVT?[10202,10203]"
    },
    "10203": {
        "event": "同桌换了一个女生。",
        "id": 10203,
        "exclude": "EVT?[10202,10203]"
    },
    "10204": {
        "event": "你和同桌谈恋爱了。",
        "id": 10204,
        "include": "(EVT?[10203]|EVT?[10202])&CHR>5",
        "exclude": "EVT?[10204]TLT?[1026]"
    }
}