{
    "1001": {
        "name": "干饭第一",
        "id": 1001,
        "description": "饭卡不会丢",
        "grade": 0
    },
    "1002": {
        "name": "孤芳自赏",
        "id": 1002,
        "description": "你不会考进扬中",
        "condition": "DAT?[0]",
        "grade": 0
    },
    "1003": {
        "name": "宿舍为家",
        "id": 1003,
        "description": "你一定选择住宿",
        "grade": 1,
        "exclusive": [
            1016
        ]
    },
    "1004": {
        "name": "卷王之王",
        "id": 1004,
        "description": "就是很会卷",
        "effect": {
            "ACH": 5
        },
        "grade": 1
    },
    "1005": {
        "name": "二次元黑洞",
        "id": 1005,
        "description": "你对动漫一窍不通",
        "grade": 2,
        "exclusive": [
            1018
        ]
    },
    "1006": {
        "name": "乐天派",
        "id": 1006,
        "description": "快乐+1",
        "effect": {
            "SPR": 1
        },
        "grade": 0
    },
    "1007": {
        "name": "天赋异禀",
        "id": 1007,
        "description": "初始可用属性点+2",
        "grade": 1,
        "status": 2
    },
    "1008": {
        "name": "天生抑郁",
        "id": 1008,
        "description": "快乐-3",
        "effect": {
            "SPR": -3
        },
        "grade": 0
    },
    "1009": {
        "name": "小疯批",
        "id": 1009,
        "description": "快乐+2",
        "effect": {
            "SPR": 2
        },
        "grade": 1
    },
    "1010": {
        "name": "不是人",
        "id": 1010,
        "description": "你上清北不是问题",
        "effect": {
            "ACH": 9
        },
        "grade": 2
    },
    "1011": {
        "name": "拜登",
        "id": 1011,
        "description": "你上课睡觉概率up",
        "effect": {
            "STR": -2
        },
        "grade": 0,
        "exclusive": [
            1012
        ]
    },
    "1012": {
        "name": "钉钉铃声",
        "id": 1012,
        "description": "你永远不需要休息",
        "grade": 0,
        "exclusive": [
            1011
        ]
    },
    "1013": {
        "name": "饮水机",
        "id": 1013,
        "description": "你动不动就去打水",
        "grade": 0
    },
    "1014": {
        "name": "章轻元",
        "id": 1014,
        "description": "你手表总是放在抽屉里",
        "grade": 2
    },
    "1015": {
        "name": "大主教",
        "id": 1015,
        "description": "颜值+3",
        "grade": 1
    },
    "1016": {
        "name": "家住旁边",
        "id": 1016,
        "description": "打死也会不住宿",
        "grade": 0,
        "exclusive": [
            1003
        ]
    },
    "1017": {
        "name": "御坂美琴",
        "id": 1017,
        "description": "你可以通过踢贩卖机获得饮料",
        "grade": 0
    },
    "1018": {
        "name": "Cu++",
        "id": 1018,
        "description": "谈到二次元话题时你会不自觉地想吃牢饭",
        "grade": 2,
        "exclusive": [
            1005
        ]
    },
    "1019": {
        "name": "超凡",
        "id": 1019,
        "description": "初始可用属性点+4",
        "grade": 2,
        "status": 4
    },
    "1020": {
        "name": "父母美貌",
        "id": 1020,
        "description": "颜值+2",
        "effect": {
            "CHR": 2
        },
        "grade": 1
    },
    "1021": {
        "name": "红颜薄命",
        "id": 1021,
        "description": "颜值+2，体质-2",
        "effect": {
            "CHR": 2,
            "STR": -2
        },
        "grade": 0
    },
    "1022": {
        "name": "一考就崩",
        "id": 1022,
        "description": "一考试就失常",
        "effect": {
            "ACH": -2
        },
        "grade": 0,
        "exclusive": [
            1024
        ]
    },
    "1023": {
        "name": "半神",
        "id": 1023,
        "description": "所有属性+2",
        "effect": {
            "CHR": 2,
            "ACH": 2,
            "STR": 2,
            "EMQ": 2,
            "SPR": 2
        },
        "grade": 3
    },
    "1024": {
        "name": "假装保送",
        "id": 1024,
        "description": "你不用参加考试",
        "grade": 2,
        "exclusive": [
            1022
        ]
    },
    "1025": {
        "name": "渚里症",
        "id": 1025,
        "description": "你的水杯有概率消失不见",
        "grade": 2
    },
    "1026": {
        "name": "你配吗",
        "id": 1026,
        "description": "你不会谈恋爱",
        "grade": 1
    },
    "1027": {
        "name": "跑操之神",
        "id": 1026,
        "description": "体质+3",
        "grade": 1,
        "effect": {
            "STR": 3
        }
    }
}